{
	"format_version": "1.8.0",
	"animations": {
		"animation.papersol.ground_idle": {
			"loop": true,
			"animation_length": 4,
			"bones": {
				"head": {
					"rotation": {
						"0.0": [5, 0, 0],
						"1.0": [-2.5, 2.5, -2.5],
						"2.0": [5, 0, 0],
						"3.0": [-2.5, -2.5, 2.5],
						"4.0": [5, 0, 0]
					}
				},
				"leg_left": {
					"rotation": {
						"0.0": [0, 0, 0],
						"2.0": [0, -5, -1],
						"4.0": [0, 0, 0]
					}
				},
				"leg_right": {
					"rotation": {
						"0.0": [0, 5, 0],
						"1.0": [0, 5, 0],
						"2.0": [0, 5, 0],
						"3.0": [0, 5, 1],
						"4.0": [0, 5, 0]
					}
				},
				"papersol": {
					"scale": 1
				},
				"hat": {
					"rotation": {
						"0.0": [-2.5, 0, 0],
						"1.0": [-5, 0, 5],
						"2.0": [-2.5, 0, 0],
						"3.0": [-5, 0, -5],
						"4.0": [-2.5, 0, 0]
					}
				}
			}
		},
		"animation.papersol.blink": {
			"animation_length": 0.25,
			"bones": {
				"eye_left": {
					"position": {
						"0.0": [0, 0, 0],
						"0.125": [0, 0, 0],
						"0.2083": [0, 0, 0]
					},
					"scale": {
						"0.0": [1, 1, 1],
						"0.125": [1.4, 0, 1],
						"0.2083": [1, 1, 1]
					}
				},
				"eye_right": {
					"position": {
						"0.0": [0, 0, 0],
						"0.125": [0, 0, 0],
						"0.2083": [0, 0, 0]
					},
					"scale": {
						"0.0": [1, 1, 1],
						"0.125": [1.4, 0, 1],
						"0.2083": [1, 1, 1]
					}
				}
			}
		},
		"animation.papersol.cry": {
			"animation_length": 1.5,
			"bones": {
				"head": {
					"rotation": {
						"0.0": [5, 0, 0],
						"0.25": [30, 0, 0],
						"0.4167": [-27.5, 0, 0],
						"0.7917": [-22.42287, -1.91134, -4.62111],
						"1.0833": [-22.42287, 1.91134, 4.62111],
						"1.5": [5, 0, 0]
					}
				},
				"eye_left": {
					"scale": {
						"0.0": [1, 1, 1],
						"0.25": [1.4, 0, 1],
						"0.3333": [1, 1, 1]
					}
				},
				"eye_right": {
					"scale": {
						"0.0": [1, 1, 1],
						"0.25": [1.4, 0, 1],
						"0.3333": [1, 1, 1]
					}
				},
				"hat": {
					"rotation": {
						"0.0": [-2.5, 0, 0],
						"0.25": [7.5, 0, 0],
						"0.4167": [-12.60443, -7.32123, 1.63219],
						"0.7917": [-12.2097, 12.84247, -10.81661],
						"1.0833": [-12.4293, -32.16346, 5.68971],
						"1.5": [0, 0, 0]
					},
					"position": {
						"0.0": [0, 0, 0],
						"0.25": [0, 0, -1],
						"0.4167": [0, 0, 1],
						"1.5": [0, 0, 0]
					}
				},
				"leg_left": {
					"rotation": {
						"0.0": [0, -5, 0],
						"0.25": [-2.28135, -4.99523, -2.50954],
						"0.4167": [2.71865, -4.99523, -2.50954],
						"1.0833": [2.73166, -7.4924, -2.6291],
						"1.5": [0, -5, 0]
					}
				},
				"leg_right": {
					"rotation": {
						"0.0": [0, 5, 0],
						"0.25": [-2.28135, 4.99523, 2.50954],
						"0.4167": [2.71865, 4.99523, 2.50954],
						"1.0833": [2.73166, 7.4924, 2.6291],
						"1.5": [0, 5, 0]
					}
				}
			},
			"sound_effects": {
				"0.0417": {
					"effect": "pokemon.petilil.cry"
				}
			}
		},
		"animation.papersol.ground_walk": {
			"loop": true,
			"animation_length": 1,
			"bones": {
				"body": {
					"position": {
						"0.0": [0, 0, 0],
						"0.125": [0, 1, 0],
						"0.25": [0, 1.5, 0],
						"0.375": [0, 1, 0],
						"0.5": [0, 0, 0],
						"0.625": [0, 1, 0],
						"0.75": [0, 1.5, 0],
						"0.875": [0, 1, 0],
						"1.0": [0, 0, 0]
					}
				},
				"head": {
					"rotation": {
						"0.0": [5, 0, 0],
						"0.25": [-3.89072, -9.76558, -14.06762],
						"0.5": [5, 0, 0],
						"0.75": [-7.10677, 7.52061, 19.22387],
						"1.0": [5, 0, 0]
					}
				},
				"hat": {
					"rotation": {
						"0.0": [-5, 0, 0],
						"0.25": [-10.34527, -14.76689, 2.66399],
						"0.5": [2.5, 0, 0],
						"0.75": [-12.53061, 36.83503, -7.58967],
						"1.0": [-5, 0, 0]
					},
					"position": {
						"0.0": [0, 0, 0],
						"0.25": [0, 1, 0],
						"0.5": [0, 0, 0],
						"0.75": [0, 1, 0],
						"1.0": [0, 0, 0]
					}
				},
				"leg_left": {
					"rotation": {
						"0.0": [2.5, -5, 0],
						"0.25": [17.89904, -14.92469, -2.83342],
						"0.5": [2.5, -5, 0],
						"0.75": [-17.56083, 0.6503, -7.02084],
						"1.0": [2.5, -5, 0]
					}
				},
				"leg_right": {
					"rotation": {
						"0.0": [-2.5, 5, 0],
						"0.25": [-17.74816, -8.71933, 6.28702],
						"0.5": [-2.5, 5, 0],
						"0.75": [14.77836, 5.95237, -2.32212],
						"1.0": [-2.5, 5, 0]
					}
				}
			}
		},
		"animation.papersol.sleep": {
			"loop": true,
			"animation_length": 1,
			"bones": {
				"body": {
					"position": [0, -4, 0]
				},
				"head": {
					"rotation": {
						"0.0": [15, 0, 0],
						"0.5": [7.5, 0, 0],
						"1.0": [15, 0, 0]
					},
					"position": [0, 0, 0]
				},
				"eye_left": {
					"scale": [1, 0, 1]
				},
				"eye_right": {
					"scale": [1, 0, 1]
				},
				"hat": {
					"rotation": {
						"0.0": [2.5, 0, 0],
						"0.5": [7.5, 0, 0],
						"1.0": [2.5, 0, 0]
					},
					"position": [0, 0, -1]
				},
				"leg_left": {
					"rotation": [-90, -17.5, 0],
					"position": [-1, -9.5, 6.75]
				},
				"leg_right": {
					"rotation": [-90, 17.5, 0],
					"position": [1, -9.5, 6.75]
				}
			}
		},
		"animation.papersol.faint": {
			"animation_length": 3,
			"bones": {
				"body": {
					"rotation": {
						"0.0": [0, 0, 0],
						"0.5": [-15, 0, 0],
						"0.75": [-67.5, 0, 0]
					},
					"position": {
						"0.0": [0, 0, 0],
						"0.5": [0, 8, 2],
						"0.75": [0, -6, 8],
						"1.0": [0, -7, 9]
					}
				},
				"head": {
					"rotation": {
						"0.0": [5, 0, 0],
						"0.25": [27.5, 0, 0],
						"0.5": [-27.5, 0, 0],
						"1.0": [-22.5, 0, 0]
					}
				},
				"eye_left": {
					"scale": {
						"0.0": [1, 1, 1],
						"0.25": [0.8, 1.3, 1],
						"0.7917": [1.4, 0, 1]
					}
				},
				"eye_right": {
					"scale": {
						"0.0": [1, 1, 1],
						"0.25": [0.8, 1.3, 1],
						"0.7917": [1.4, 0, 1]
					}
				},
				"hat": {
					"rotation": {
						"0.0": [-5, 0, 0],
						"0.25": [5, 0, 0],
						"0.5": [27.5, 0, 0],
						"0.75": [50, 0, 0],
						"1.0": [82.5, 0, 0],
						"1.25": [95, 0, 0]
					},
					"position": {
						"0.0": [0, 0, 0],
						"0.25": [0, 0.5, -0.5],
						"0.5": [0, 5.5, -2.5],
						"0.75": [0, 0.5, -6.5],
						"1.0": [0, -3.5, -4.25],
						"1.25": [0, -4, -3.75]
					}
				},
				"leg_left": {
					"rotation": {
						"0.0": [0, -5, 0],
						"0.25": [-5, -5, 0],
						"0.5": [-12.04554, -5.41629, -5.00332],
						"0.75": [-52.04554, -5.41629, -5.00332],
						"1.0": [-22.04554, -5.41629, -5.00332],
						"1.25": [-19.54554, -5.41629, -5.00332]
					},
					"position": {
						"0.0": [0, 0, 0],
						"0.75": [0, -4, 6],
						"1.0": [0, -4, 5]
					}
				},
				"leg_right": {
					"rotation": {
						"0.0": [0, 5, 0],
						"0.25": [-5, 5, 0],
						"0.5": [-9.5383, 5.1999, 5.03017],
						"0.75": [-52.0383, 5.1999, 5.03017],
						"1.0": [-22.0383, 5.1999, 5.03017],
						"1.25": [-19.5383, 5.1999, 5.03017]
					},
					"position": {
						"0.0": [0, 0, 0],
						"0.75": [0, -4, 5]
					}
				}
			}
		}
	}
}